AA,IMGT,IMGT_AA,beta,seq_ii,inMut
V,107,107_V,2.311329835447169,98,True
Y,66,66_Y,1.8394594787299754,58,False
C,50,50_C,1.739503770340977,45,False
D,66,66_D,1.6525827619438573,58,True
H,115,115_H,1.5624522312601823,113,False
G,87,87_G,1.4081657211343055,78,False
E,87,87_E,1.365292778443672,78,False
N,111A,111A_N,1.3046301799756106,103,False
V,68,68_V,1.1177904089761053,60,False
I,64,64_I,1.0898977840867108,56,False
F,112D,112D_F,1.0705396490895793,106,False
Y,35,35_Y,1.0511394664638671,30,False
S,96,96_S,1.0027688136947994,87,False
L,53,53_L,0.9804630388702728,48,False
C,47,47_C,0.9763984577641672,42,False
N,125,125_N,0.9644753336128296,123,False
G,22,22_G,0.9438959539323913,21,False
G,50,50_G,0.8982967359615842,45,False
E,68,68_E,0.8901373395309394,60,False
F,111A,111A_F,0.8711540205031781,103,False
V,36,36_V,0.8654354610797329,31,True
H,66,66_H,0.8487170291236207,58,False
-,128,128_-,0.8395894720061287,126,False
F,52,52_F,0.8220924569051551,47,False
G,36,36_G,0.820822607389588,31,False
N,37,37_N,0.8169157229837092,32,False
T,95,95_T,0.797997871464802,86,False
I,28,28_I,0.7914932382234752,27,False
N,115,115_N,0.7816892766278924,113,True
T,68,68_T,0.7809018962153461,60,False
A,122,122_A,0.7630793566988209,120,False
Q,19,19_Q,0.7436513326342432,18,False
H,5,5_H,0.7380351136616825,5,False
L,71,71_L,0.7372746144364497,63,False
P,86,86_P,0.725901423009223,77,False
L,74,74_L,0.7237467189490082,65,False
F,42,42_F,0.6839014789350288,37,False
C,26,26_C,0.6811891195076217,25,False
P,36,36_P,0.6705527489582759,31,False
I,85,85_I,0.6642282756595651,76,False
I,52,52_I,0.6633793603696982,47,False
V,108,108_V,0.6545402395871991,99,False
R,55,55_R,0.6294379443594433,50,False
L,28,28_L,0.6162063426160279,27,False
G,53,53_G,0.6154022297576269,48,False
S,111C,111C_S,0.6087469732041627,105,False
T,91,91_T,0.6015622614187325,82,False
G,70,70_G,0.5802664523500356,62,False
D,92,92_D,0.5685073771360066,83,False
-,111B,111B_-,0.5637363326284182,104,False
M,71,71_M,0.5288251335698688,63,False
S,65,65_S,0.5280652481070742,57,False
A,86,86_A,0.5274805309695426,77,False
I,70,70_I,0.5244760581987267,62,False
N,128,128_N,0.492776163140654,126,False
A,87,87_A,0.4825198322445816,78,False
Y,30,30_Y,0.47700409267827043,29,False
L,90,90_L,0.45655898483203716,81,False
L,111B,111B_L,0.45342543907993177,104,False
E,101,101_E,0.4530916071614408,92,False
V,56,56_V,0.44779764944928124,51,False
A,111B,111B_A,0.44337780726949266,104,False
T,83,83_T,0.43522667170688445,74,False
G,69,69_G,0.4276587819375119,61,False
-,111C,111C_-,0.41708675237345744,105,False
L,110,110_L,0.41681286691727676,101,False
G,13,13_G,0.41458412323101307,12,False
H,28,28_H,0.40113054324385333,27,False
D,49,49_D,0.40080126457813653,44,False
F,38,38_F,0.3967030356881016,33,False
G,58,58_G,0.394382022019461,53,False
L,38,38_L,0.3924693775122795,33,False
L,5,5_L,0.3909234368044349,5,False
T,28,28_T,0.37558793968900694,27,False
V,49,49_V,0.368625870437616,44,False
I,26,26_I,0.3646136393861977,25,False
H,14,14_H,0.3412021186846097,13,False
I,122,122_I,0.33893940410672896,120,False
S,75,75_S,0.3350003665414852,66,False
L,75,75_L,0.3309655830682411,66,False
T,54,54_T,0.3201907120760803,49,False
Y,37,37_Y,0.31841598253473447,32,False
Q,89,89_Q,0.31753788280758144,80,False
P,65,65_P,0.30040757910941085,57,False
D,42,42_D,0.29812303325054057,37,False
T,111A,111A_T,0.2977744125491869,103,False
M,21,21_M,0.2959141086181711,20,False
C,22,22_C,0.28495291137896755,21,False
V,78,78_V,0.2786108830515628,69,False
H,80,80_H,0.27697126905415503,71,False
A,126,126_A,0.2692775303170762,124,False
C,67,67_C,0.26268394663239586,59,False
K,128,128_K,0.25590339211577345,126,False
R,123,123_R,0.255044623147153,121,False
A,111C,111C_A,0.2544655390685268,105,False
E,126,126_E,0.24849446325008517,124,False
N,57,57_N,0.24703382456552292,52,False
S,86,86_S,0.24159680032371975,77,False
S,29,29_S,0.24090694913390553,28,False
K,14,14_K,0.2338780569080954,13,False
V,38,38_V,0.2335907495634299,33,False
L,123,123_L,0.22754144226024714,121,False
M,89,89_M,0.22676187582724092,80,False
G,38,38_G,0.22431584192375642,33,False
C,80,80_C,0.2153281958501778,71,False
I,91,91_I,0.20792537778740589,82,False
S,54,54_S,0.20382265294473842,49,False
N,18,18_N,0.18618424393537988,17,False
L,46,46_L,0.18287606064046869,41,False
D,28,28_D,0.17596406086210747,27,False
Q,46,46_Q,0.16844982655208185,41,False
T,110,110_T,0.16537987294106227,101,False
L,80,80_L,0.16188997920239492,71,False
C,79,79_C,0.14668972314933393,70,False
G,26,26_G,0.14208564736334534,25,False
A,99,99_A,0.12741738207436568,90,False
C,16,16_C,0.12609608476309514,15,False
N,69,69_N,0.12509823385091737,61,False
C,128,128_C,0.10982647518830986,126,False
C,93,93_C,0.09174249620689011,84,False
V,91,91_V,0.08614571023801222,82,False
V,63,63_V,0.08606999764772326,55,False
S,20,20_S,0.0851697905596657,19,False
T,78,78_T,0.08054854664659111,69,False
E,95,95_E,0.07847740080106619,86,False
A,13,13_A,0.07847129904270651,12,False
E,37,37_E,0.07428170810580936,32,False
S,99,99_S,0.07203028453952481,90,False
S,109,109_S,0.06402399463768756,100,False
D,47,47_D,0.04426890756506029,42,False
H,20,20_H,0.040955674309144804,19,False
D,108,108_D,0.04074940211349213,99,False
P,94,94_P,0.032368061192428514,85,False
G,128,128_G,0.020433120235853402,126,False
Y,85,85_Y,0.009316973370755727,76,False
P,44,44_P,0.008822984366417852,39,False
L,87,87_L,0.0025923698655497766,78,False
I,48,48_I,0.0015760834852244527,43,False
T,38,38_T,0.0012834864227840492,33,False
R,108,108_R,-3.550836422700304e-05,99,False
T,56,56_T,-0.0026668657992831206,51,False
C,63,63_C,-0.005105503372996353,55,False
H,88,88_H,-0.005698205471971443,79,False
E,84,84_E,-0.008203553078072351,75,False
V,81,81_V,-0.008511776595236052,72,False
N,86,86_N,-0.009424569594553242,77,False
T,29,29_T,-0.009578101776177437,28,False
S,27,27_S,-0.009890396444271051,26,False
E,100,100_E,-0.014132739960271702,91,False
V,83,83_V,-0.014978054919412015,74,False
C,112D,112D_C,-0.016141981430844145,106,False
I,93,93_I,-0.016195409164203582,84,False
G,116,116_G,-0.016758355191145203,114,False
P,123,123_P,-0.017126854992626457,121,False
A,71,71_A,-0.018357352354094487,63,False
N,38,38_N,-0.01903954381545287,33,False
V,8,8_V,-0.023227169414423696,8,False
C,11,11_C,-0.023862695718394552,10,False
S,121,121_S,-0.02541009406263415,119,False
Q,107,107_Q,-0.025600585351947192,98,False
I,84,84_I,-0.02793111709862672,75,False
R,19,19_R,-0.027953975910628506,18,False
Y,114,114_Y,-0.029768821624489454,112,False
L,118,118_L,-0.031309149456582766,116,False
V,11,11_V,-0.03193715111021513,10,False
S,30,30_S,-0.03253668955798204,29,False
H,52,52_H,-0.034471582964473065,47,False
V,25,25_V,-0.035416744406627884,24,False
T,111B,111B_T,-0.036913066476840214,104,False
Y,82,82_Y,-0.03987314256270386,73,False
P,19,19_P,-0.04009785732735782,18,False
T,36,36_T,-0.040482987170381915,31,False
N,88,88_N,-0.043204088266319364,79,False
I,127,127_I,-0.04584231334747823,125,False
D,54,54_D,-0.04890166891513531,49,False
C,127,127_C,-0.050242861019568694,125,False
H,67,67_H,-0.051637606197794964,59,False
F,103,103_F,-0.05169574025930649,94,False
R,90,90_R,-0.052297024907585574,81,False
I,65,65_I,-0.05257897234053304,57,False
A,65,65_A,-0.05848811357133295,57,False
D,6,6_D,-0.060148518033378735,6,False
L,30,30_L,-0.060397486254061654,29,False
S,116,116_S,-0.06084938997722904,114,False
N,93,93_N,-0.06149964237538543,84,False
T,85,85_T,-0.06262196602535675,76,False
C,27,27_C,-0.0629229108959322,26,False
T,39,39_T,-0.06684160221683534,34,False
D,27,27_D,-0.06858447810609325,26,False
N,64,64_N,-0.06886689357172986,56,False
R,39,39_R,-0.06971033107795041,34,False
C,20,20_C,-0.0707806811471819,19,False
I,39,39_I,-0.07366960946618442,34,False
P,68,68_P,-0.07486993426997916,60,False
S,11,11_S,-0.07554608070852699,10,False
R,118,118_R,-0.07576021112354056,116,False
S,38,38_S,-0.07577289584031256,33,False
L,120,120_L,-0.07697035477067185,118,False
S,110,110_S,-0.07887639358216766,101,False
D,53,53_D,-0.07910609733931989,48,False
D,74,74_D,-0.07915060076913896,65,False
N,29,29_N,-0.08065978049901346,28,False
E,48,48_E,-0.08161221870944046,43,False
P,52,52_P,-0.0816950360968613,47,False
I,92,92_I,-0.08210181168749758,83,False
V,100,100_V,-0.08232508891347971,91,False
C,103,103_C,-0.08417443467240412,94,False
T,64,64_T,-0.08434641959748652,56,False
H,112D,112D_H,-0.0865541639844193,106,False
G,112B,112B_G,-0.08873811741333089,108,False
S,76,76_S,-0.08919964630702773,67,False
N,111,111_N,-0.08972293811088505,102,False
F,112A,112A_F,-0.08998948506869288,109,False
G,55,55_G,-0.09026249793405743,50,False
L,3,3_L,-0.09173880961302572,3,False
G,51,51_G,-0.09275826620526677,46,False
D,40,40_D,-0.09360302004297719,35,False
L,101,101_L,-0.09527864937534004,92,False
G,114,114_G,-0.09735496408605533,112,False
A,51,51_A,-0.09768716277367404,46,False
G,68,68_G,-0.1000859340261013,60,False
T,25,25_T,-0.1002111550952416,24,False
H,44,44_H,-0.10022430884993581,39,False
P,113,113_P,-0.10280364349505298,111,False
V,51,51_V,-0.10310346504414884,46,False
R,22,22_R,-0.10399136470221385,21,False
Y,92,92_Y,-0.10551145153478625,83,False
S,15,15_S,-0.10604365377306489,14,False
H,42,42_H,-0.10626792802196276,37,False
S,82,82_S,-0.10645735127185355,73,False
C,112C,112C_C,-0.10664254414262743,107,False
S,66,66_S,-0.10983500054156205,58,False
R,48,48_R,-0.11357623721256543,43,False
A,119,119_A,-0.11426601412722064,117,False
I,116,116_I,-0.11522031711776515,114,False
Y,113,113_Y,-0.1177278841143454,111,False
L,13,13_L,-0.12012875815434494,12,False
N,58,58_N,-0.12293364601229018,53,False
N,112,112_N,-0.1264479558870424,110,False
K,39,39_K,-0.12805262689504698,34,False
R,5,5_R,-0.12899757860054004,5,False
F,107,107_F,-0.1295696698649861,98,False
P,4,4_P,-0.13030643578178353,4,False
C,115,115_C,-0.13135063733791363,113,False
L,50,50_L,-0.1335623981014869,45,False
R,95,95_R,-0.13436017613938614,86,False
H,90,90_H,-0.13499242781437054,81,False
R,7,7_R,-0.13539961972015427,7,False
R,104,104_R,-0.1367793490018066,95,False
L,76,76_L,-0.13721511992198518,67,False
R,120,120_R,-0.13792715807795963,118,False
V,112,112_V,-0.13801076403383472,110,False
F,88,88_F,-0.14146791321060212,79,False
S,59,59_S,-0.1438572208335338,54,False
N,107,107_N,-0.14475230868805378,98,False
H,102,102_H,-0.1450891450601193,93,False
K,1,1_K,-0.14759824404283836,1,False
M,19,19_M,-0.14822446340102224,18,False
S,25,25_S,-0.15021800075688707,24,False
N,70,70_N,-0.15071106632836825,62,False
I,30,30_I,-0.15111230491171013,29,False
P,125,125_P,-0.15272874370716144,123,False
M,2,2_M,-0.15404488968850197,2,False
L,96,96_L,-0.15561812606113987,87,False
I,99,99_I,-0.15594909781901103,90,False
L,1,1_L,-0.15654739327143186,1,False
K,123,123_K,-0.1584708717082486,121,False
K,82,82_K,-0.15947336337667595,73,False
P,21,21_P,-0.1608405987280924,20,False
L,116,116_L,-0.16111273167249154,114,False
G,98,98_G,-0.16354596620365056,89,False
D,121,121_D,-0.1636483727773043,119,False
R,41,41_R,-0.1709260575789384,36,False
T,45,45_T,-0.17149523182936427,40,False
F,113,113_F,-0.17191539898051814,111,False
S,63,63_S,-0.17226215084505625,55,False
V,37,37_V,-0.17338213576393385,32,False
S,47,47_S,-0.17381191414609518,42,False
R,27,27_R,-0.17390968377890453,26,False
D,82,82_D,-0.17586340020391913,73,False
F,109,109_F,-0.17764044618886246,100,False
N,67,67_N,-0.18017743837027375,59,False
L,91,91_L,-0.18576131942544724,82,False
V,54,54_V,-0.18578918362658375,49,False
S,92,92_S,-0.18594025070922127,83,False
H,120,120_H,-0.19284142929294676,118,False
Y,104,104_Y,-0.19422490670983555,95,False
R,72,72_R,-0.19823749264447452,64,False
I,82,82_I,-0.19856771219395344,73,False
E,71,71_E,-0.2010860932935099,63,False
V,58,58_V,-0.202810253777327,53,False
T,107,107_T,-0.20544933427612283,98,False
R,3,3_R,-0.20597543505620572,3,False
V,17,17_V,-0.20604097522856896,16,False
M,126,126_M,-0.2066654319668952,124,False
V,69,69_V,-0.20818128475332406,61,False
G,93,93_G,-0.20827248253193265,84,False
V,24,24_V,-0.21055287741652812,23,False
N,35,35_N,-0.2113175515126577,30,False
G,126,126_G,-0.21223544455846646,124,False
E,15,15_E,-0.2133549182414375,14,False
C,9,9_C,-0.21741439029028087,9,False
S,119,119_S,-0.21934021784889457,117,False
Y,116,116_Y,-0.21985868948827195,114,False
L,20,20_L,-0.22096003960878718,19,False
E,13,13_E,-0.22130514037697682,12,False
N,42,42_N,-0.22220007809293313,37,False
N,127,127_N,-0.22300848748881544,125,False
N,111C,111C_N,-0.22329459921534536,105,False
E,72,72_E,-0.22576729353774008,64,False
C,17,17_C,-0.2260929391086414,16,False
Q,94,94_Q,-0.22697233111470969,85,False
V,97,97_V,-0.22831466981469292,88,False
I,76,76_I,-0.22969292029828647,67,False
K,66,66_K,-0.23039103539953013,58,False
G,7,7_G,-0.23055711363530132,7,False
G,112,112_G,-0.23213276534702967,110,False
Q,96,96_Q,-0.23810632812636404,87,False
R,84,84_R,-0.23951748518131438,75,False
E,124,124_E,-0.240364204010051,122,False
A,53,53_A,-0.24482106130031434,48,False
E,2,2_E,-0.24584645898994728,2,False
K,51,51_K,-0.2466688942960702,46,False
C,7,7_C,-0.24816813887495615,7,False
L,112C,112C_L,-0.25006970292865904,107,False
S,104,104_S,-0.25106745441277106,95,False
Q,110,110_Q,-0.2514183310779503,101,False
T,113,113_T,-0.25501354779140467,111,False
E,24,24_E,-0.2563096402135962,23,False
H,75,75_H,-0.26095831744472675,66,False
N,22,22_N,-0.26369339770633915,21,False
L,41,41_L,-0.26379734167860786,36,False
C,112A,112A_C,-0.2773776084829119,109,False
N,78,78_N,-0.28099432411548175,69,False
S,23,23_S,-0.2816560485580596,22,False
Y,112C,112C_Y,-0.28261676279057996,107,False
P,105,105_P,-0.2828145713222038,96,False
L,43,43_L,-0.28612409077904294,38,False
N,84,84_N,-0.28680597594462526,75,False
T,106,106_T,-0.2868634283946113,97,False
C,121,121_C,-0.2913565987244057,119,False
R,1,1_R,-0.29458918885071966,1,False
H,113,113_H,-0.2966831778772784,111,False
S,8,8_S,-0.29992534541874744,8,False
N,48,48_N,-0.3005863129962605,43,False
A,77,77_A,-0.30239590770486674,68,False
G,97,97_G,-0.30895637876636545,88,False
R,70,70_R,-0.31243426154942966,62,False
E,114,114_E,-0.3139640563337249,112,False
G,6,6_G,-0.31721747029208514,6,False
K,91,91_K,-0.3196829692023399,82,False
A,101,101_A,-0.3209413127569875,92,False
D,51,51_D,-0.3216596514647021,46,False
A,125,125_A,-0.3218784732532493,123,False
R,64,64_R,-0.3223414271907749,56,False
N,81,81_N,-0.32298615700005934,72,False
N,26,26_N,-0.3248845415383449,25,False
H,43,43_H,-0.3249828614313829,38,False
V,6,6_V,-0.3255169488624398,6,False
Q,111B,111B_Q,-0.32727813246325105,104,False
S,57,57_S,-0.3302835148286246,52,False
Y,112,112_Y,-0.3369194797808638,110,False
S,28,28_S,-0.3402573307212205,27,False
S,125,125_S,-0.345424265120103,123,False
T,82,82_T,-0.34614275739403616,73,False
H,1,1_H,-0.34634297242755485,1,False
E,25,25_E,-0.35580409318321643,24,False
M,101,101_M,-0.35887052175897616,92,False
T,24,24_T,-0.3604024266656012,23,False
F,67,67_F,-0.3763250765106017,59,False
Q,4,4_Q,-0.37874227827421025,4,False
R,44,44_R,-0.3794969522298156,39,False
K,44,44_K,-0.3805069713572698,39,False
I,57,57_I,-0.38122667885115796,52,False
V,111,111_V,-0.3936134826964124,102,False
-,127,127_-,-0.39590218570362523,125,False
S,112C,112C_S,-0.39660179484740454,107,False
D,9,9_D,-0.3975491166440751,9,False
N,72,72_N,-0.39766554218578315,64,False
E,105,105_E,-0.39975621189605,96,False
I,66,66_I,-0.40382056784400683,58,False
D,59,59_D,-0.40428913208387923,54,False
V,39,39_V,-0.41167723572234777,34,False
Q,21,21_Q,-0.4205136405928779,20,False
L,44,44_L,-0.4232047422629833,39,False
Q,12,12_Q,-0.4244001714760446,11,False
S,77,77_S,-0.4244470973190061,68,False
C,40,40_C,-0.4256507026487102,35,False
N,56,56_N,-0.43131533507492054,51,False
P,1,1_P,-0.4334873139953499,1,False
S,80,80_S,-0.43408774259313904,71,False
H,109,109_H,-0.43770330826792203,100,False
K,5,5_K,-0.45107079590425136,5,False
N,117,117_N,-0.4514371914150922,115,False
-,126,126_-,-0.455640237032005,124,False
K,97,97_K,-0.47224356689478864,88,False
F,115,115_F,-0.477600073127646,113,False
F,78,78_F,-0.4835054100753809,69,False
Y,58,58_Y,-0.48478708227768524,53,False
I,112C,112C_I,-0.48531840088530087,107,False
L,14,14_L,-0.5109906135382758,13,False
F,102,102_F,-0.5132902767338318,93,False
T,55,55_T,-0.5184340201058147,50,False
N,55,55_N,-0.5203666933307073,50,False
N,112D,112D_N,-0.5232340989159688,106,False
C,102,102_C,-0.5283866063309227,93,False
L,39,39_L,-0.5358982916218437,34,False
N,112A,112A_N,-0.5369574963868696,109,False
N,109,109_N,-0.5547643621261998,100,False
P,43,43_P,-0.558002329927537,38,False
C,74,74_C,-0.5635166880157018,65,False
V,45,45_V,-0.5662582454892839,40,False
E,58,58_E,-0.5673423579620822,53,False
M,94,94_M,-0.5746071991504237,85,False
P,25,25_P,-0.5837433964102756,24,False
Y,76,76_Y,-0.6107306426551941,67,False
S,36,36_S,-0.6591188892708436,31,False
I,111C,111C_I,-0.6636037158912393,105,False
K,28,28_K,-0.7914533060006298,27,False
N,79,79_N,-0.8007033203663778,70,False
K,120,120_K,-0.8193727035407167,118,False
V,119,119_V,-0.8915332948188482,117,False
